Parameter,Label,Base_Value,Low_Multiplier,High_Multiplier,Param_Range_%,Low_Revenue_Cr,High_Revenue_Cr,Low_Impact_Cr,High_Impact_Cr,Total_Range_Cr,Revenue_Range_%,Elasticity
market_share,Market Share,0.4,0.6,1.4,80.0,3513.4678509225982,8198.09165215273,-2342.3119006150673,2342.311900615064,4684.623801230131,79.99999999999999,0.9999999999999998
diagnosis_rate,Diagnosis Rate,0.62,0.75,1.2,44.99999999999999,4391.834813653248,7026.9357018451965,-1463.9449378844176,1171.155950307531,2635.100888191949,44.99999999999999,1.0
compliance,Patient Compliance,0.78,0.7,1.1,40.000000000000014,4099.045826076365,6441.357726691433,-1756.7339254613007,585.5779751537666,2342.3119006150673,40.00000000000002,1.0000000000000002
treatment_rate,Treatment Rate,0.68,0.8,1.15,34.999999999999986,4684.623801230132,6734.146714268314,-1171.155950307534,878.3669627306488,2049.522913038183,35.0,1.0000000000000004
price_per_unit,Price per Unit,12.0,0.85,1.15,29.999999999999993,4977.412788807015,6734.146714268315,-878.3669627306504,878.3669627306496,1756.7339254612998,30.000000000000004,1.0000000000000004
prevalence,Diabetes Prevalence,0.114,0.9,1.15,24.99999999999999,5270.201776383899,6734.146714268314,-585.5779751537659,878.3669627306488,1463.9449378844147,24.99999999999997,0.9999999999999993
adult_share,Adult Population Share,0.62,0.97,1.03,6.000000000000005,5680.106358991536,6031.453144083795,-175.6733925461296,175.6733925461296,351.3467850922592,5.999999999999988,0.999999999999997
population,Population,1438000000.0,0.98,1.02,4.0000000000000036,5738.66415650691,5972.895346568417,-117.11559503075485,117.1155950307518,234.23119006150665,4.000000000000001,0.9999999999999993
